[{"domain_tag": ["Project", "Unknown", "Research", "Discussion", "Research", "Research", "Research", "Project", "Research", "Discussion", "Project", "Discussion", "Research", "Research", "Misleading", "Unknown", "Research", "Discussion", "Project", "Project", "Discusssion", "Discussion", "News", "Project", "Discussion", "Unknown", "Discussion"], "title": ["Project[Project] From books to presentations in 10s with AR + ML ", "The issue tracker for every team in your company. Track bugs, collaborate with your team, and deliver great products. YouTrack is designed with all the members of a team in mind. ", "Research[R] First Order Motion Model applied to animate paintings ", "Discussion[D] Siraj has a new paper: 'The Neural Qubit'. It's plagiarised ", "Research[R] Consistent Video Depth Estimation ", "Research[R] Neural Color Transfer between Images ", "Research[R] Adversarial Latent Autoencoders ", "Project[P] Realtime multihand pose estimation demo ", "Research[R] Deep Image Analogy ", "Discussion[D] Why can't you guys comment your fucking code? ", "Project[P] Pose Animator: SVG animation tool using real-time human perception TensorFlow.js models ", "Discussion[D] A Super Harsh Guide to Machine Learning ", "Research[R] Clova AI Research's StarGAN v2 ", "Research[R] AI Learns Playing Basketball Just Like Humans! [https://www.youtube.com/watch?v=Rzj3k3yerDk] ", "Misleading[P] Keras Implementation of Image Outpaint ", "Reliable and Ethical proxies for Data gathering & Validation | Scraping | SEO | Testing | Marketing ", "Research[R] RigNet: Neural Rigging for Articulated Characters ", "Discussion[D] Siraj Raval - Potentially exploiting students, banning students asking for refund. Thoughts? ", "Project[P] Generative Ramen ", "Project[P] Landing the Falcon booster with Reinforcement Learning in OpenAI ", "DiscusssionAMA: We are the Google Brain team. We'd love to answer your questions about machine learning. ", "Discussion[D] If you had to show one paper to someone to show that machine learning is beautiful, what would you choose? ", "News[N] 4 Months after Siraj was caught scamming he has still not refunded any victims based in India, Philippines, or any other countries with no legal recourse. He makes an apology video, and when his victims ask for their refund, his followers respond with \"Be kind. He's asking for your forgiveness\" ", "Project[P] Real-time Mask RCNN using Facebook Detectron ", "Discussion[D] Dedicated to all those researchers in fear of being scooped :) ", "We are Oriol Vinyals and David Silver from DeepMind\u2019s AlphaStar team, joined by StarCraft II pro players TLO and MaNa! Ask us anything ", "Discussion[D] Siraj is still plagiarizing "], "awards": [2, 0, 0, 1, 0, 0, 1, 0, 0, 2, 1, 0, 0, 1, 0, 0, 0, 0, 0, 0, 0, 0, 0, 0, 0, 1, 0], "author": ["cyrildiagne", "JetBrains_official", "programmerChilli", "grey--area", "hardmaru", "e_walker", "stpidhorskyi", "alexeykurov", "e_walker", "didntfinishhighschoo", "hardmaru", "thatguydr", "yunjey", "-BlackSquirrel-", "Naughty_Nagaland", "CreepyRaise", "programmerChilli", "nord2rocks", "wei_jok", "EmbersArc", "jeffatgoogle", "MTGTraner", "RelevantMarketing", "_sshin_", "_gmark_", "OriolVinyals", "AGI_aint_happening"], "author_info": ["Unknown", "Unknown", "Unknown", "Unknown", "Unknown", "Unknown", "Unknown", "Unknown", "Unknown", "Unknown", "Unknown", "Unknown", "Unknown", "Unknown", "Unknown", "Unknown", "Unknown", "Unknown", "Unknown", "Unknown", "Unknown", "Unknown", "Unknown", "Unknown", "Unknown", "Unknown", "Unknown"], "comments": ["153", "9", "111", "476", "104", "90", "100", "139", "123", "489", "33", "251", "60", "87", "93", "4", "38", "485", "78", "55", "793", "288", "185", "86", "120", "1039", "147"], "scorelikes": ["5639", "54", "4311", "2487", "2471", "2322", "2120", "1687", "1663", "1571", "1552", "1511", "1434", "1377", "1370", "27", "1337", "1329", "1286", "1282", "1272", "1274", "1268", "1229", "1168", "1167", "1137"], "scoredislikes": ["5637", "52", "4309", "2485", "2469", "2320", "2118", "1685", "1661", "1569", "1550", "1509", "1432", "1375", "1368", "25", "1335", "1327", "1284", "1280", "1270", "1272", "1266", "1227", "1166", "1165", "1135"], "dates": ["2020-05-10T13:19:54+00", "Unknown", "2020-04-25T04:27:23+00", "2019-10-12T23:48:53+00", "2020-05-02T08:14:35+00", "2017-10-04T14:05:50+00", "2020-04-25T16:57:49+00", "2018-05-29T15:47:04+00", "2017-05-03T04:29:49+00", "2017-07-03T20:24:09+00", "2020-05-10T02:02:45+00", "2017-03-13T21:51:18+00", "2020-04-27T02:39:25+00", "2020-06-15T04:21:36+00", "2018-07-29T19:12:19+00", "Unknown", "2020-05-09T06:49:05+00", "2019-09-21T13:16:51+00", "2018-05-22T01:00:24+00", "2018-02-17T12:45:30+00", "2016-08-04T21:11:24+00", "2018-05-18T08:34:36+00", "2019-12-23T23:42:19+00", "2018-02-07T08:38:34+00", "2018-06-06T14:44:29+00", "2019-01-24T20:55:23+00", "2020-02-01T07:48:53+00"], "thread": ["v.redd.it", "jetbrains.com/youtrack", "v.redd.it", "self.MachineLearning", "SIGGRAPH 2020 - Links in the comments. ", "i.redd.it", "CVPR2020 paper + code ", "media.giphy.com", "i.redd.it", "self.MachineLearning", "links in comments ", "self.MachineLearning", "CVPR 2020 + code, pre-trained models, datasets ", "v.redd.it", "i.redd.it", "infatica.io", "v.redd.it", "self.MachineLearning", "i.redd.it", "gfycat.com", "self.MachineLearning", "assuming they're equipped to understand it ", "self.MachineLearning", "v.redd.it", "i.redd.it", "self.MachineLearning", "self.MachineLearning"], "spoilers": [false, false, false, false, false, false, false, false, false, false, false, false, false, false, false, false, false, false, false, false, false, false, false, false, false, false, false], "promoted": [false, true, false, false, false, false, false, false, false, false, false, false, false, false, false, true, false, false, false, false, false, false, false, false, false, false, false], "crossposts": ["5", "0", "3", "2", "4", "3", "1", "0", "0", "1", "3", "4", "4", "2", "1", "0", "1", "6", "7", "1", "0", "4", "0", "2", "0", "5", "0"], "postype": ["video", "video", "video", "selftext", "video", "video", "video", "video", "video", "selftext", "video", "selftext", "video", "video", "video", "video", "video", "selftext", "video", "video", "selftext", "Unknown", "selftext", "video", "video", "selftext", "selftext"]}, {"domain_tag": ["Unknown", "Unknown", "Unknown", "Fun/Trivia", "Fun/Trivia", "Fun/Trivia", "Unknown", "Tooling", "Unknown", "Fun/Trivia", "Fun/Trivia", "Unknown", "Fun/Trivia", "Fun/Trivia", "Unknown", "Unknown", "Fun/Trivia", "Fun/Trivia", "Unknown", "Fun/Trivia", "Fun/Trivia", "Unknown", "Career", "Unknown", "Unknown", "Meta", "Fun/Trivia"], "title": ["It\u2019s never too early ", "Reliable and Ethical proxies for Data gathering & Validation | Scraping | SEO | Testing | Marketing ", "Imposter Syndrome is a problem for me and I think this is the main contributor ", "Fun/TriviaTrue that ", "Fun/TriviaDS at a glance ", "Fun/TriviaGraph of graph analysis ", "When the boss doesn\u2019t like your charts ", "ToolingFor any python & pandas users out there, here's a free tool to visualize your dataframes ", ":) ", "Fun/TriviaThe next time my coworkers ask what metrics I used for my model. ", "Fun/TriviaFit an exponential curve to anything... ", "Beware of today's data ", "Fun/TriviaIt's Meme Monday, so here's a python meme for DS folks ", "Fun/TriviaExpectation vs reality ", "Found this ", "Want to get more out of Visual Studio? Check out Visual Assist by Whole Tomato; the juice is worth the squeeze! ", "Fun/TriviaWhen you get an Excel Sheet of 1000x5 and your clients ask you to do \"Data Science\" on this with \"AI\" ", "Fun/TriviaRecruiters be like ", "The formatting struggle. ", "Fun/TriviaThe requirements for these data jobs are getting more and more demanding ", "Fun/TriviaK-means be like: Mine ! MINE ! MINE ! ", "Data Scientists on languages... ", "CareerA \"Data Science\" company stole my gf's ML project and reposted it as their own. What do I do? ", "when I start EDA on a new project ", "How much real is it?? \ud83d\ude02\ud83d\ude05 ", "MetaWe've all been there. ", "Fun/Trivia\"If you torture the data long enough, it will confess to anything.\" - Ronald Coase, MIT [250 x 110] "], "awards": [0, 0, 0, 1, 1, 2, 0, 7, 1, 4, 0, 1, 0, 0, 0, 0, 0, 0, 0, 0, 0, 1, 1, 0, 0, 0, 0], "author": ["da_chosen1", "CreepyRaise", "ExecutiveFingerblast", "PPCFPP", "Siba911", "VeryOddEvey", "threddyrex", "aschonfe", "keymado", "shreddit47", "JustGlowing", "postal__dude", "rajeshbhat_ds", "da_chosen1", "Sir-_-Butters22", "NavKaur-EMBT", "Roger20Federer", "smurfin101", "postal__dude", "OneSaucyWaffle", "postal__dude", "Unknown", "eawal", "jonboighini", "Osiris_R", "Nateorade", "mk4rim"], "author_info": ["MS | Student", "Unknown", "Unknown", "Unknown", "Unknown", "Unknown", "Unknown", "Unknown", "Unknown", "Unknown", "Unknown", "Unknown", "Unknown", "MS | Student", "Unknown", "Unknown", "Unknown", "Unknown", "Unknown", "Unknown", "Unknown", "Unknown", "Unknown", "Unknown", "Unknown", "BS | Data Analyst | SaaS", "Unknown"], "comments": ["57", "4", "136", "229", "91", "43", "74", "197", "84", "66", "95", "53", "87", "94", "47", "0", "239", "98", "97", "65", "30", "178", "91", "12", "55", "54", "35"], "scorelikes": ["2733", "28", "2498", "2300", "2210", "2162", "1962", "1864", "1804", "1801", "1800", "1762", "1751", "1670", "1622", "3", "1562", "1559", "1502", "1472", "1455", "1444", "1439", "1290", "1220", "1212", "1109"], "scoredislikes": ["2731", "26", "2496", "2298", "2208", "2160", "1960", "1862", "1802", "1799", "1798", "1760", "1749", "1668", "1620", "1", "1560", "1557", "1500", "1470", "1453", "1442", "1437", "1288", "1218", "1210", "1107"], "dates": ["2020-03-10T02:56:29+00", "Unknown", "2019-12-05T15:46:05+00", "2020-01-04T10:53:50+00", "2019-11-10T16:15:38+00", "2020-03-30T04:47:40+00", "2019-12-15T17:56:56+00", "2020-02-20T18:43:53+00", "2019-01-17T18:22:03+00", "2020-04-20T01:05:25+00", "2020-04-06T07:10:28+00", "2020-01-01T14:29:01+00", "2020-04-27T06:21:10+00", "2019-08-14T20:31:46+00", "2019-09-27T19:55:41+00", "Unknown", "2019-12-11T20:09:48+00", "2020-02-03T15:13:02+00", "2019-07-09T12:51:38+00", "2019-09-21T02:30:26+00", "2019-09-19T10:02:02+00", "2019-08-22T19:19:21+00", "2020-05-17T13:26:08+00", "2020-02-11T01:20:43+00", "2019-11-23T23:10:46+00", "2020-02-10T15:27:38+00", "2019-11-12T09:20:56+00"], "thread": ["i.redd.it", "infatica.io", "i.redd.it", "i.redd.it", "i.redd.it", "i.redd.it", "i.redd.it", "v.redd.it", "i.redd.it", "v.redd.it", "i.redd.it", "i.redd.it", "i.redd.it", "i.redd.it", "i.redd.it", "wholetomato.com", "i.redd.it", "i.redd.it", "i.redd.it", "i.redd.it", "i.redd.it", "i.redd.it", "self.datascience", "i.redd.it", "i.redd.it", "i.redd.it", "i.redd.it"], "spoilers": [false, false, false, false, false, false, false, false, false, false, false, false, false, false, false, false, false, false, false, false, false, false, false, false, false, false, false], "promoted": [false, true, false, false, false, false, false, false, false, false, false, false, false, false, false, true, false, false, false, false, false, false, false, false, false, false, false], "crossposts": ["1", "0", "1", "6", "0", "1", "0", "2", "1", "5", "1", "2", "1", "0", "4", "0", "0", "0", "1", "0", "2", "1", "1", "1", "0", "0", "1"], "postype": ["video", "video", "video", "crosspost", "video", "video", "video", "video", "video", "video", "video", "video", "video", "video", "video", "video", "video", "video", "video", "video", "video", "video", "selftext", "video", "video", "video", "crosspost"]}, {"domain_tag": ["Unknown", "Unknown", "Unknown", "Unknown", "Unknown", "Unknown", "Unknown", "Unknown", "Unknown", "Unknown", "Unknown", "Unknown", "Unknown", "Unknown", "Unknown", "Unknown", "Unknown", "New Grad", "New Grad", "Unknown", "Unknown", "Unknown", "Unknown", "AMA", "Unknown", "Experienced", "Unknown"], "title": ["Accidentally destroyed production database on first day of a job, and was told to leave, on top of this i was told by the CTO that they need to get legal involved, how screwed am i? ", "I got fired over a variable name.... ", "Want to get more out of Visual Studio? Check out Visual Assist by Whole Tomato; the juice is worth the squeeze! ", "Applied to our main competitor, they told my boss about it ", "My CS story contradicts everything I\u2019ve read on this subreddit ", "I stopped browsing this sub and my mental health has never been better ", "This sub infuriates me ", "I am absolutely mortified and embarrassed beyond belief and I have zero idea what to do ", "Landed my dream job, Android developer, the employer and I just signed the job offer! Bought the plane ticket, gave my two weeks! then they rescinded my job offer. ", "I FREAKING DID IT!! ", "Scrum Master wants to visit each member of the project at home \"in order to understand the work from home experience for a developer.\" ", "This sub is getting weird ", "Hiring manager checking in - you're probably better than this sub makes you feel like you are ", "Unpaid internship opportunities are actually useful and you should apply to them. ", "I trained an AI to generate /r/cscareerquestions post titles, and it said \"I am a self-taught developer at big Income.\" ", "Master list of Free Resources ", "Reach your audience on Reddit ", "New GradAs a new grad and students please don\u2019t give job advice it\u2019s so toxic ", "New GradFrustrated as a woman ", "Is anyone else weirded out by Linkedin culture? ", "Using an Indian buffet as a networking event ", "Once you have experience, don't let employers treat you like shit ", "My self-taught ", "AMAI'm Steve Huffman, programmer and Reddit CEO. AMA. ", "A HR rep asked me if I had any experience with something called \"Fy-tin\"... ", "ExperiencedPeople who physically touch the screen and leave your slug trail from your greasy sausage fingers when pointing things out, why do you do this? ", "Shout out to all the companies that are pro-actively sending out emails to reassure new hires and interns. "], "awards": [9, 4, 0, 0, 2, 6, 5, 2, 1, 3, 2, 1, 1, 1, 1, 2, 0, 3, 2, 0, 1, 1, 5, 0, 0, 2, 0], "author": ["cscareerthrowaway567", "avril_de_plonkers", "NavKaur-EMBT", "12838929382", "blk836", "Vanessa8392", "throwawayforsec1045", "FeelingReallyBadTA", "leagueofgreen", "Martydude15", "Fuzzy_Draft", "dataperson", "psychometrixo", "Okmanl", "minimaxir", "l33tsquad", "redditads", "MeadowT", "jsjs2626", "hi_im_horse", "throwaway982908", "JEUUUEUUE", "jo1717a", "spez", "PineapplePanda_", "Unknown", "mynameluc"], "author_info": ["Unknown", "Unknown", "Unknown", "Unknown", "Unknown", "Unknown", "Unknown", "Unknown", "Unknown", "Unknown", "Unknown", "Unknown", "Unknown", "Unknown", "Unknown", "Unknown", "Unknown", "Unknown", "Unknown", "Unknown", "Unknown", "Unknown", "Unknown", "Unknown", "Unknown", "Unknown", "Unknown"], "comments": ["4289", "765", "0", "427", "731", "631", "1108", "504", "600", "368", "904", "275", "876", "174", "138", "85", "0", "533", "655", "394", "205", "477", "336", "258", "390", "191", "167"], "scorelikes": ["26.0k", "8353", "3", "4781", "4758", "4629", "4617", "3891", "3678", "3319", "3280", "3227", "2863", "2704", "2428", "2393", "81", "2326", "2277", "2246", "2226", "2182", "2123", "2086", "2077", "2052", "2030"], "scoredislikes": ["26.0k", "8351", "1", "4779", "4756", "4627", "4615", "3889", "3676", "3317", "3278", "3225", "2861", "2702", "2426", "2391", "79", "2324", "2275", "2244", "2224", "2180", "2121", "2084", "2075", "2050", "2028"], "dates": ["2017-06-03T03:58:12+00", "2019-10-30T20:36:11+00", "Unknown", "2018-10-20T11:50:41+00", "2019-07-10T19:04:18+00", "2020-05-16T15:34:42+00", "2019-11-03T06:40:58+00", "2018-08-07T17:05:10+00", "2018-12-05T20:08:36+00", "2020-04-25T19:02:47+00", "2020-04-20T16:05:07+00", "2017-03-25T03:01:05+00", "2019-05-06T20:40:19+00", "2019-04-30T19:16:04+00", "2018-12-31T21:28:10+00", "2019-12-02T06:48:46+00", "Unknown", "2018-12-27T14:49:51+00", "2019-11-19T23:28:38+00", "2019-09-07T01:43:47+00", "2018-10-26T21:01:36+00", "2019-06-04T14:14:57+00", "2020-01-10T17:33:57+00", "2017-04-24T20:00:36+00", "2019-03-07T16:48:49+00", "2019-12-31T02:34:22+00", "2020-03-21T17:59:03+00"], "thread": ["self.cscareerquestions", "self.cscareerquestions", "wholetomato.com", "self.cscareerquestions", "self.cscareerquestions", "self.cscareerquestions", "self.cscareerquestions", "self.cscareerquestions", "self.cscareerquestions", "self.cscareerquestions", "self.cscareerquestions", "self.cscareerquestions", "self.cscareerquestions", "self.cscareerquestions", "self.cscareerquestions", "self.cscareerquestions", "Redditinc.com", "self.cscareerquestions", "self.cscareerquestions", "self.cscareerquestions", "self.cscareerquestions", "self.cscareerquestions", "no degree journey to a Big-N offer. Within 3.5 years, went from 50k to 256k. ", "self.cscareerquestions", "self.cscareerquestions", "self.cscareerquestions", "self.cscareerquestions"], "spoilers": [false, false, false, false, false, false, false, false, false, false, false, false, false, false, false, false, false, false, false, false, false, false, false, false, false, false, false], "promoted": [false, false, true, false, false, false, false, false, false, false, false, false, false, false, false, false, true, false, false, false, false, false, false, false, false, false, false], "crossposts": ["3", "1", "0", "3", "0", "0", "0", "3", "0", "0", "1", "0", "1", "2", "1", "11", "0", "0", "1", "0", "0", "1", "2", "0", "1", "0", "0"], "postype": ["selftext", "selftext", "video", "selftext", "selftext", "selftext", "selftext", "selftext", "selftext", "selftext", "selftext", "selftext", "selftext", "selftext", "selftext", "selftext", "video", "selftext", "selftext", "selftext", "selftext", "selftext", "selftext", "selftext", "selftext", "selftext", "selftext"]}, {"domain_tag": ["Unknown", "Unknown", "Unknown", "For Hire", "Unknown", "Hiring", "Unknown", "Unknown", "For Hire", "Unknown", "Unknown", "Unknown", "For Hire", "Unknown", "Unknown", "For Hire", "Unknown", "Unknown", "Unknown", "Unknown", "Unknown", "Unknown", "Unknown", "Unknown", "Unknown", "For Hire"], "title": ["Some examples of how to DM your way into an analytics job ", "Reddit Gifts Ugly Mugs exchange! Sign up by July 3rd! ", "Website to Prep for Data Science Interviews ", "Data Science Interview Prep for FAANGFor Hire ", "I wrote a brief guide on how to become a data scientist based on my own experience including learning R, SQL, stats, crafting a resume, and preparing for interviews. ", "Find remote jobs in Data Science with dsremote.workHiring ", "Hi Guys! I have been looking out for Data Analyst/ Data Science roles for a couple of months now. I have been getting no interview calls and at this point I am desperate to find a full time job. ", "How I Got My First Data Science Internship ", "I promised myself to mentor two people once I land my first DS job. I got an offer. Please send me your reusme!For Hire ", "I am on my way to job interview ", "Think Twice Before You Accept That Fancy Data Science Job ", "[HIRING] 266 Remote Jobs from Companies Hiring Now [Google Spreadsheet] ", "Looking for summer internships in Data Science. Not getting any positive responses. Any help would be appreciated.For Hire ", "Different Data Science Roles Explained ", "Would a company perform better if its employees were told to toss a coin every morning to decide whether or not to go to work? ", "Finishing up my Masters during COVID-19 has made the job search challenging to say the least, but eager to begin work in data science in the Washington, DC / DMV area! Passionate about data wrangling and visualization as well as model building !For Hire ", "The Job Search Interview Offer Letter Experience for Data Science MSDS +Q&A ", "The 4 fastest ways not to get hired as a data scientist ", "Trying to find my first data science co-op position, any tips for my resume to give me the best chances? ", "6-9-9 working hours. Is this normal for startups? ", "[META] r/DataScienceJobs now under new management! ", "How is a quant analyst job different from a data scientist? ", "Glassdoor sucks ", "When your job ad screams Dunning Kruger ", "[Hiring] - Chief Data Officer for the CDC ", "Fresh college grad"], "awards": [0, 0, 0, 0, 0, 0, 0, 0, 0, 0, 0, 0, 0, 0, 0, 0, 0, 0, 0, 0, 0, 0, 0, 0, 0, 0], "author": ["waitingforgoodoh", "reddit_exchanges", "gobluebaby", "Regular-Challenge", "Maximus411", "ai_jobs", "Steve_nojobyet", "kjee1", "007ara", "Juju1990", "tmthyjames", "dh0508", "chiragjhamb", "kjee1", "knut_2", "Amishjohnthomas", "jensyao", "russpol", "evanbernard0", "Unknown", "Omega037", "mct2011", "FanOfFatLions", "bubblride", "i_am_baldilocks", "DeadPrexident"], "author_info": ["Unknown", "Unknown", "Unknown", "Unknown", "Unknown", "Unknown", "Unknown", "Unknown", "Unknown", "Unknown", "Unknown", "Unknown", "Unknown", "Unknown", "Unknown", "Unknown", "Unknown", "Unknown", "Unknown", "Unknown", "Unknown", "Unknown", "Unknown", "Unknown", "Unknown", "Unknown"], "comments": ["comment", "0", "1", "1", "1", "comment", "24", "6", "16", "9", "15", "comment", "15", "comment", "3", "4", "comment", "1", "21", "34", "comment", "6", "6", "3", "3", "18"], "scorelikes": ["43", "\u2022", "37", "34", "27", "30", "28", "31", "31", "28", "26", "27", "26", "27", "27", "25", "25", "26", "23", "23", "25", "21", "21", "22", "20", "20"], "scoredislikes": ["41", "\u2022", "35", "32", "25", "28", "26", "29", "29", "26", "24", "25", "24", "25", "25", "23", "23", "24", "21", "21", "23", "19", "19", "20", "18", "18"], "dates": ["2019-12-26T04:57:59+00", "Unknown", "2020-05-02T03:25:52+00", "2020-02-27T00:24:54+00", "2018-12-21T01:00:57+00", "2020-04-05T09:14:21+00", "2020-03-09T20:39:56+00", "2019-07-24T02:20:29+00", "2019-07-13T06:15:08+00", "2018-11-13T08:59:37+00", "2018-12-03T23:55:07+00", "2020-04-02T14:57:47+00", "2020-02-01T22:19:34+00", "2020-05-22T13:05:30+00", "2019-11-27T08:16:50+00", "2020-04-26T21:28:26+00", "2018-11-23T20:27:54+00", "2018-06-16T19:30:49+00", "2020-01-17T04:59:21+00", "2019-05-10T05:09:17+00", "2017-08-08T03:36:26+00", "2020-04-20T06:10:39+00", "2020-01-07T04:34:17+00", "2020-03-17T09:55:34+00", "2020-04-07T21:04:35+00", "2019-11-16T23:36:49+00"], "thread": ["self.DataScienceJobs", "RedditGifts.com", "self.DataScienceJobs", "self.DataScienceJobs", "fourpillarfreedom.com", "dsremote.work", "i.redd.it", "And How You Can Land One ", "self.DataScienceJobs", "self.DataScienceJobs", "self.DataScienceJobs", "self.DataScienceJobs", "i.redd.it", "by a Data Scientist ", "self.DataScienceJobs", "i.redd.it", "youtu.be", "towardsdatascience.com", "i.redd.it", "self.DataScienceJobs", "self.DataScienceJobs", "self.DataScienceJobs", "self.DataScienceJobs", "i.redd.it", "usajobs.gov", "MS in Data Analytics looking to start a career as a data scientist! Let me know how my resume holds up, Thank you!For Hire "], "spoilers": [false, false, false, false, false, false, false, false, false, false, false, false, false, false, false, false, false, false, false, false, false, false, false, false, false, false], "promoted": [false, true, false, false, false, false, false, false, false, false, false, false, false, false, false, false, false, false, false, false, false, false, false, false, false, false], "crossposts": ["0", "0", "0", "0", "0", "0", "2", "0", "0", "0", "0", "0", "0", "0", "0", "0", "0", "0", "0", "0", "0", "0", "0", "0", "0", "0"], "postype": ["selftext", "video", "selftext", "selftext", "Unknown", "Unknown", "video", "video", "selftext", "selftext", "selftext", "selftext", "video", "video", "selftext", "video", "video", "Unknown", "video", "selftext", "selftext", "selftext", "selftext", "video", "Unknown", "video"]}, {"domain_tag": ["Unknown", "Unknown", "Unknown", "Unknown", "Unknown", "Unknown", "Unknown", "Unknown", "Unknown", "Unknown", "Unknown", "Unknown", "Unknown", "Unknown", "Unknown", "Unknown", "Unknown", "Unknown", "Unknown", "Unknown", "Unknown", "Unknown", "Unknown", "Unknown", "Unknown", "Unknown"], "title": ["Big Data ", "Reddit Gifts All Things British exchange! Sign up by July 3rd! ", "Hello to this community, I from Cuba, 26, mathematician and now i live in spain. I am very excited because i got a job in one of the big4 as data scientists. My parents are in cuba and i dont have friend to celebrates this hit on my life. I very very happy!!! Greetings for everyone!!!! ", "Matt Tuck Big data Landscape ", "Big Data Landscape 2018 ", "Big Data Engineers Path ", "Google BigQuery is ridiculously fast. Just queries 3TB in 7 seconds in plain SQL. ", "10 billion/2.1 TB YouTube comments ", "Harvard student noted that search requests on \"iphone slow\" spike when new model announced, not so for other makers. ", "Google just published 25 million free datasets ", "The Different Types of Data Analytics ", "Finland is making its online AI crash course free to the world ", "The Free 'Big Data' Sources Everyone Should Know ", "Cloudera and Hortonworks announce merger ", "Hadoop Ecosystem ", "Machine Learning Algorithm Identifies Tweets Sent Under the Influence of Alcohol ", "Spark 2.4 Released! ", "You can practice Big Data exploration with public data sets ", "Is Apache Hadoop dying? Is it already dead? ", "Data Engineers vs. Data Scientists and why these differences are so important ", "How Big Data Affects Business ", "The 4 V's of Big Data ", "Robert Mercer: the big data billionaire waging war on mainstream media ", "Free Data Science/Big Data Books ", "Build your own mini Apache Spark to understand how it works ", "Steve Ballmer has been building and is about to release a database of US Government spending "], "awards": [0, 0, 0, 0, 0, 0, 0, 0, 0, 0, 0, 0, 0, 0, 0, 0, 0, 0, 0, 0, 0, 0, 0, 0, 0, 0], "author": ["FunkyDoktor", "reddit_exchanges", "DChaser4", "inboundmage", "rsinghanalytics", "TheInsaneApp", "tinoter", "terorie", "weev1", "superconductiveKyle", "TonTona", "Curio_ser", "pmz", "PineappleOnPizzaSin", "mrcihandemir", "steccami", "ggeorgios11", "dave-taylor", "them_russians", "eljefe6a", "Freeda_Freeda", "Sonaliiiii", "BearsNecessity", "chaconnewu", "szelvenskiy", "scott_dsgn"], "author_info": ["Unknown", "Unknown", "Unknown", "Unknown", "Unknown", "Unknown", "Unknown", "Unknown", "Unknown", "Unknown", "Unknown", "Unknown", "Unknown", "Unknown", "Unknown", "Unknown", "Unknown", "Unknown", "Unknown", "Unknown", "Unknown", "Unknown", "Unknown", "Unknown", "Unknown", "Unknown"], "comments": ["5", "0", "19", "12", "9", "10", "11", "15", "13", "4", "2", "1", "comment", "2", "20", "comment", "1", "1", "14", "10", "2", "comment", "3", "1", "comment", "comment"], "scorelikes": ["91", "\u2022", "86", "73", "73", "67", "65", "55", "56", "51", "50", "48", "49", "41", "44", "41", "41", "42", "40", "41", "39", "37", "37", "36", "36", "36"], "scoredislikes": ["89", "\u2022", "84", "71", "71", "65", "63", "53", "54", "49", "48", "46", "47", "39", "42", "39", "39", "40", "38", "39", "37", "35", "35", "34", "34", "34"], "dates": ["2019-06-25T02:53:24+00", "Unknown", "2019-12-02T20:32:42+00", "2019-07-07T09:30:04+00", "2018-06-27T20:53:03+00", "2020-05-07T04:05:37+00", "2015-02-11T22:05:20+00", "2019-11-12T18:45:29+00", "2017-09-05T06:23:34+00", "2020-01-26T14:09:19+00", "2020-04-14T10:20:13+00", "2019-12-19T07:43:46+00", "2017-03-12T22:08:42+00", "2018-10-03T20:53:51+00", "2019-11-08T10:29:21+00", "2016-10-13T06:35:05+00", "2018-11-09T11:26:34+00", "2017-08-16T20:32:23+00", "2019-06-13T19:12:37+00", "2018-04-11T17:51:58+00", "2020-04-10T10:47:13+00", "2019-08-28T12:42:56+00", "2017-02-26T09:52:18+00", "2013-12-02T13:15:34+00", "2018-07-07T05:38:36+00", "2017-04-18T14:56:59+00"], "thread": ["i.redd.it", "RedditGifts.com", "self.bigdata", "mattturck.com", "mattturck.com", "i.redd.it", "i.imgur.com", "self.bigdata", "nytimes.com", "link.medium.com", "sonasoft.com", "theverge.com", "bigdatanews.com", "streetinsider.com", "i.redd.it", "datasciencecentral.com", "spark.apache.org", "including StackOverflow and Github in BigQuery and 1TB free Queries per Month. ", "self.bigdata", "oreilly.com", "sonasoft.com", "i.redd.it", "theguardian.com", "github.com", "towardsdatascience.com", "nytimes.com"], "spoilers": [false, false, false, false, false, false, false, false, false, false, false, false, false, false, false, false, false, false, false, false, false, false, false, false, false, false], "promoted": [false, true, false, false, false, false, false, false, false, false, false, false, false, false, false, false, false, false, false, false, false, false, false, false, false, false], "crossposts": ["0", "0", "0", "0", "0", "0", "0", "0", "0", "0", "0", "4", "0", "0", "0", "0", "0", "0", "0", "0", "0", "0", "0", "0", "0", "0"], "postype": ["video", "video", "Unknown", "video", "video", "video", "video", "selftext", "Unknown", "Unknown", "Unknown", "crosspost", "Unknown", "Unknown", "video", "Unknown", "Unknown", "Unknown", "selftext", "Unknown", "Unknown", "video", "Unknown", "Unknown", "Unknown", "Unknown"]}, {"domain_tag": ["Discussion", "Unknown", "I Made This", "Unknown", "Unknown", "I Made This", "Unknown", "I Made This", "Image Processing", "Unknown", "I Made This", "Unknown", "Unknown", "Unknown", "Resource", "Unknown", "I Made This", "Discussion", "Discussion", "I Made This", "I Made This", "I Made This", "Unknown", "Help", "I Made This", "I Made This", "I Made This"], "title": ["DiscussionLad wrote a Python script to download Alexa voice recordings, he didn't expect this email. ", "Reliable and Ethical proxies for Data gathering & Validation | Scraping | SEO | Testing | Marketing ", "I Made ThisI redesign the Python logo to make it more modern ", "Automate the boring stuff with python - tinder ", "Just finished programming and building my own smart mirror in python, wrote all of the code myself and implemented my own voice control and facial recognition features ", "I Made ThisDrawing Mona Lisa with 256 circles using evolution [Github repo in comments] ", "Just trying to create a orbit system in python and this happened... ", "I Made ThisThanks to everyone\u2019s advice, my mouse drawing algorithm has gotten much better and faster! ", "Image ProcessingDev'ing an app to help visualize data from any matplotlib figure ", "MS is considering official Python integration with Excel, and is asking for input ", "I Made ThisI've made a 3D scanner that's fully automated using Python script on Android phone! ", "Happy Holidays! Made a user-directed greeting card using Python Turtle Graphics ", "Python's response to MATLAB ", "Python Cheet Sheet for begineers ", "ResourcePython 3 in One Pic ", "Want to get more out of Visual Studio? Check out Visual Assist by Whole Tomato; the juice is worth the squeeze! ", "I Made ThisI made a little program that mutes spotify ads because i dont have the money to get premium . Not anything special but i think its quite neat. Any ideas on cool python projects i can build ? ", "DiscussionLaid off for 8 weeks. Anyone else starting their python journey? ", "Discussion[Beginner\u2019s Guide] How to start programming in Python ", "I Made ThisPython project that answers high-school problems almost instantly. Made using Tesseract, Scrapy and Flask. ", "I Made ThisA Python GUI for uninstalling the default Windows 10 apps. ", "I Made ThisA tool that copies a selected area of your screen, not as a picture, but as pastable text ", "I wrote a Python program to play Google Dinosaur Game using Gesture Recognition ", "Help3 days ago, told my wife I\u2019d learn to code and change careers if I get laid off. I got let go 2 days ago. I\u2019m in my 40s and don\u2019t know what coding is. ", "I Made ThisFinished a program that draws images with epicycles! ", "I Made ThisI made an AI opponent for lesser known board game - Chain Reaction. Apparently, it plays better than me! ", "I Made ThisSo I made a Python and Arduino project that dynamically changes sets the ambient lighting to match the computed dominant color values from the wallpapers. "], "awards": [7, 0, 7, 0, 2, 1, 0, 2, 3, 0, 2, 2, 2, 0, 1, 0, 4, 0, 0, 1, 3, 1, 2, 0, 0, 0, 1], "author": ["iEslam", "CreepyRaise", "jessjwilliamson", "backprop88", "janky_british_gamer", "Itwist101", "LAMagicx", "Nekose", "professormunchies", "Chilangosta", "redditNewUser2017", "Igor_d7", "Alexanderdaawesome", "winner_godson", "TheInsaneApp", "NavKaur-EMBT", "IMFAILINGENGLISH", "HotSwap_", "MrGrj", "Ani171202", "Goldtom", "PR0T064", "toastyCSboi", "sothisiswhyhmm", "OutOfTempo_", "randBrownGuy", "mshoaib9711"], "author_info": ["Unknown", "Unknown", "Unknown", "Unknown", "Unknown", "Unknown", "Unknown", "Unknown", "Unknown", "Unknown", "Unknown", "Unknown", "Unknown", "Unknown", "Unknown", "Unknown", "Unknown", "Unknown", "Unknown", "Unknown", "Unknown", "Unknown", "Unknown", "Unknown", "Unknown", "Unknown", "Unknown"], "comments": ["172", "4", "272", "339", "480", "128", "371", "214", "160", "403", "90", "92", "386", "124", "168", "0", "354", "322", "123", "229", "214", "194", "118", "414", "151", "174", "173"], "scorelikes": ["10.8k", "29", "6854", "6620", "6441", "5089", "5043", "5035", "4707", "4574", "4361", "4305", "4227", "4139", "4126", "3", "4085", "4083", "3934", "3890", "3849", "3846", "3773", "3735", "3728", "3634", "3540"], "scoredislikes": ["10.8k", "27", "6852", "6618", "6439", "5087", "5041", "5033", "4705", "4572", "4359", "4303", "4225", "4137", "4124", "1", "4083", "4081", "3932", "3888", "3847", "3844", "3771", "3733", "3726", "3632", "3538"], "dates": ["2020-04-20T23:11:39+00", "Unknown", "2020-05-08T13:39:09+00", "2017-12-19T00:47:56+00", "2019-10-24T18:55:30+00", "2020-05-20T10:58:14+00", "2019-10-10T16:21:30+00", "2020-05-11T22:14:39+00", "2020-05-01T15:54:41+00", "2017-12-14T18:24:25+00", "2020-02-17T07:12:31+00", "2019-12-11T23:51:02+00", "2019-08-05T16:38:00+00", "2017-12-29T19:34:05+00", "2020-06-09T07:52:27+00", "Unknown", "2020-04-29T11:46:06+00", "2020-03-16T19:23:03+00", "2020-03-29T12:26:47+00", "2020-02-13T06:47:33+00", "2020-05-28T15:06:43+00", "2020-05-22T15:26:51+00", "2020-01-20T07:05:04+00", "2020-04-03T06:07:38+00", "2020-06-03T05:42:43+00", "2020-05-14T12:26:00+00", "2020-05-18T11:26:11+00"], "thread": ["i.redd.it", "infatica.io", "i.redd.it", "gfycat.com", "i.redd.it", "v.redd.it", "v.redd.it", "v.redd.it", "gfycat.com", "i.imgur.com", "v.redd.it", "v.redd.it", "i.redd.it", "i.redd.it", "i.redd.it", "wholetomato.com", "i.redd.it", "i.redd.it", "i.redd.it", "v.redd.it", "i.redd.it", "GitHub in comments ", "v.redd.it", "i.redd.it", "i.redd.it", "v.redd.it", "v.redd.it"], "spoilers": [false, false, false, false, false, false, false, false, false, false, false, false, false, false, false, false, false, false, false, false, false, false, false, false, false, false, false], "promoted": [false, true, false, false, false, false, false, false, false, false, false, false, false, false, false, true, false, false, false, false, false, false, false, false, false, false, false], "crossposts": ["2", "0", "0", "3", "3", "0", "22", "2", "3", "1", "4", "3", "0", "1", "7", "0", "2", "0", "2", "0", "1", "0", "2", "0", "1", "3", "1"], "postype": ["video", "video", "video", "video", "video", "video", "video", "video", "video", "video", "video", "video", "video", "video", "video", "video", "video", "video", "video", "video", "video", "video", "video", "video", "video", "video", "video"]}, {"domain_tag": ["OC", "Unknown", "OC", "OC", "OC", "OC", "OC", "OC", "OC", "OC", "OC", "OC", "OC", "Unknown", "OC", "OC", "OC", "OC", "OC", "OC", "Unknown", "Unknown", "OC", "OC", "OC", "OC"], "title": ["OCFor everyone asking why i didn't include the Spanish Flu and other plagues in my last post... [OC] ", "Reddit Gifts 80's Nostalgia exchange! Sign up by July 3rd! ", "OCLet's hear it for the lurkers! The vast majority of Reddit users don't post or comment. [OC] ", "OCArea of land burnt in Australia and area of smoke coverage shown as equivalent area over Europe [OC] ", "OCLight Speed \u2013 fast, but slow [OC] ", "OCCause of Death - Reality vs. Google vs. Media [OC] ", "OCGaze and foot placement when walking over rough terrain ", "OC[OC] To show just how insane this week's unemployment numbers are, I animated initial unemployment insurance claims from 1967 until now. These numbers are just astonishing. ", "OCCoronavirus Deaths vs Other Epidemics From Day of First Death ", "OCI recorded my travels as a professional truck driver since 2012. ", "OCLeonardo DiCaprio Refuses to Date a Woman His Age [OC] ", "OC[oc] I sat by a fire and recorded what people said ", "OCWorst Episode Ever? The Most Commonly Rated Shows on IMDb and Their Lowest Rated Episodes [OC] ", "[OC] My anxiety level vs my daughters sentence ", "OC[OC] Hours of daylight as a function of day of the year and latitude ", "OC11 different brands of AA batteries, tested in identical flashlights. [OC] ", "OCWhere is each ore found in a minecraft world? [OC] ", "OC[OC] COVID-19 spread from January 23 through March 14th. ", "OCThe City is Alive: The Population of Manhattan, Hour-by-Hour [OC] ", "OC[OC] The absolute quality of Breaking Bad. ", "Paths of 800 unmanned bicycles being pushed until they fall over ", "Usage Share of Internet Browsers 1996 - 2019 [OC] ", "OC[OC] 2020 Presidential Candidates by Net Worth ", "OC[OC] I cycled through all the streets Central London ", "OC[OC] Where the money goes in the US Senate's $2T coronavirus stimulus bill ", "OC[OC] COVID-19 infections vs. r/Coronavirus subscriptions "], "awards": [25, 0, 5, 11, 53, 3, 11, 17, 38, 28, 19, 17, 18, 6, 17, 2, 7, 35, 3, 5, 0, 11, 5, 13, 39, 18], "author": ["harry29ford", "reddit_exchanges", "TrueBirch", "neilrkaye", "physicsJ", "aaronpenne", "sandusky_hohoho", "DorsaAmir", "harry29ford", "dancingchopstix", "TrustLittleBrother", "thelatestbuzz", "BoMcCready", "petrocity06", "harpalss", "thecrispiestbacon", "tigeer", "Edward-EFHIII", "citrusvanilla", "Infinitehatemachine", "comp615", "interestingasphuk", "lyon-", "davisvilums", "SevenandForty", "artursilva0220"], "author_info": ["Unknown", "Unknown", "Unknown", "Unknown", "Unknown", "Unknown", "Unknown", "Unknown", "Unknown", "Unknown", "Unknown", "Unknown", "Unknown", "Unknown", "Unknown", "Unknown", "Unknown", "Unknown", "Unknown", "Unknown", "Unknown", "Unknown", "Unknown", "Unknown", "Unknown", "Unknown"], "comments": ["3217", "0", "4782", "2425", "2003", "2864", "1271", "2426", "4946", "3161", "5638", "2232", "8763", "788", "980", "4378", "895", "2047", "1084", "3245", "792", "3567", "6716", "1532", "3458", "1553"], "scorelikes": ["117k", "\u2022", "111k", "104k", "102k", "101k", "99.6k", "97.8k", "96.4k", "96.2k", "94.6k", "94.1k", "89.9k", "88.4k", "85.5k", "84.4k", "82.6k", "79.6k", "76.7k", "76.4k", "73.3k", "72.7k", "72.2k", "71.4k", "71.3k", "71.2k"], "scoredislikes": ["117k", "\u2022", "111k", "104k", "102k", "101k", "99.6k", "97.8k", "96.4k", "96.2k", "94.6k", "94.1k", "89.9k", "88.4k", "85.5k", "84.4k", "82.6k", "79.6k", "76.7k", "76.4k", "73.3k", "72.7k", "72.2k", "71.4k", "71.3k", "71.2k"], "dates": ["2020-04-09T15:24:20+00", "Unknown", "2019-03-25T19:37:10+00", "2020-01-03T16:39:37+00", "2019-10-01T04:06:52+00", "2018-04-17T13:02:52+00", "2018-04-13T14:03:14+00", "2020-03-26T18:01:33+00", "2020-04-09T08:48:02+00", "2019-08-19T18:30:35+00", "2020-01-07T14:29:45+00", "2020-02-10T13:40:50+00", "2020-03-28T19:43:25+00", "2020-04-01T20:42:16+00", "2019-11-10T12:35:41+00", "2018-03-17T19:13:26+00", "2019-12-26T13:32:58+00", "2020-03-15T19:40:43+00", "2018-05-08T17:57:11+00", "2020-04-07T12:04:14+00", "2018-01-22T19:59:01+00", "2019-08-31T10:05:18+00", "2020-02-20T13:08:05+00", "2019-10-30T12:07:30+00", "2020-03-27T02:54:19+00", "2020-03-20T21:34:14+00"], "thread": ["v.redd.it", "RedditGifts.com", "i.redd.it", "i.redd.it", "v.redd.it", "i.imgur.com", "article link in comments [OC] ", "i.redd.it", "Since 2000 [OC] ", "i.redd.it", "i.redd.it", "i.redd.it", "i.redd.it", "i.imgur.com", "i.redd.it", "i.redd.it", "i.redd.it", "Multiple people independently told me to post this here ", "i.redd.it", "i.redd.it", "i.redd.it", "v.redd.it", "i.redd.it", "v.redd.it", "i.redd.it", "v.redd.it"], "spoilers": [false, false, false, false, false, false, false, false, false, false, false, false, false, false, false, false, false, false, false, false, false, false, false, false, false, false], "promoted": [false, true, false, false, false, false, false, false, false, false, false, false, false, false, false, false, false, false, false, false, false, false, false, false, false, false], "crossposts": ["10", "0", "24", "30", "74", "27", "24", "36", "56", "11", "18", "15", "69", "11", "47", "20", "28", "30", "20", "17", "6", "30", "20", "20", "30", "6"], "postype": ["video", "video", "video", "video", "video", "video", "video", "video", "video", "video", "video", "video", "video", "video", "video", "video", "video", "video", "video", "video", "video", "video", "video", "video", "video", "video"]}, {"domain_tag": ["Unknown", "Unknown", "Unknown", "Unknown", "Unknown", "Unknown", "Unknown", "Unknown", "Unknown", "Unknown", "Unknown", "Unknown", "Unknown", "Unknown", "OC", "Unknown", "Unknown", "Unknown", "Unknown", "Unknown", "Unknown", "Unknown", "Unknown", "Unknown", "Unknown"], "title": ["150+ Business Data Science Applications in Python ", "Top 5 Data Science Projects with Source Code to kick-start your Career ", "I have been banned everywhere for sharing open source tools that took me 1000s of hours to create. This is the only safe space left for data science developers to share their projects. ", "100+ Machine Learning Trading Strategies ", "11 Data Science Project Ideas with Source Code to Strengthen your Resume!! ", "Using Medicare & Medicaid data for uninsured to price shop medical care ", "Data Against Covid-19: \"We are a community of medical professionals, life scientists and data scientists on a quest to defeat COVID-19.\" ", "Newscatcher v0.2.0 - Python package to collect news data from more than 3k news websites. Now support topics, countries, and languages. ", "Beginner project for SQL. This is a simple python script to scrape stock prices off NASDAQ API and feed it to MySQL. ", "Flattening The Exponential Growth of Covid-19 ", "Awesome Python Libraries for Datascience ", "Advanced Pandas ", "The Google Summer of Code Org List is out with strong data science and machine learning presence ", "16 Data Science Project Ideas with Source Code to Strengthen your Resume ", "Awesome Google Colab - Check it out if you haven't yet, Colab is a pretty neat tool.OC ", "Data Science References - Bookmark this page - My learning path ", "A new data science career repository I have been working on. ", "[Reinforcement Learning] Using DQN ", "My quick-start COVID-19 plotting notebook - feel free to copy & modify ", "Will do your Data Science Project for free. Building Experience and Portfolio. ", "An automated interactive company report ", "52 weeks of python applied to business problems ", "List of Large datasets ", "Facebook AI built and deployed a real-time neural text-to-speech system that can process 1 sec of audio in 500 ms, using only CPUs. Text-to-speech systems typically rely on GPUs or specialized hardware to generate state-of-the-art speech in real-time production. ", "Added 31 more Colab Notebooks for NLP Tasks "], "awards": [0, 0, 1, 0, 0, 1, 0, 1, 0, 0, 0, 0, 0, 0, 0, 0, 0, 0, 0, 0, 1, 0, 0, 0, 0], "author": ["OppositeMidnight", "Aakashdata", "OppositeMidnight", "OppositeMidnight", "karan991136", "Iam_nameless", "Peerism1", "Peerism1", "Peerism1", "suvooooo", "semicolonator", "Peerism1", "Peerism1", "VyasBharvi", "OppositeMidnight", "esenthil", "OppositeMidnight", "Peerism1", "Peerism1", "roonishpower", "OppositeMidnight", "OppositeMidnight", "OppositeMidnight", "Peerism1", "Peerism1"], "author_info": ["Unknown", "Unknown", "Unknown", "Unknown", "Unknown", "Unknown", "Unknown", "Unknown", "Unknown", "Unknown", "Unknown", "Unknown", "Unknown", "Unknown", "Unknown", "Unknown", "Unknown", "Unknown", "Unknown", "Unknown", "Unknown", "Unknown", "Unknown", "Unknown", "Unknown"], "comments": ["comment", "comment", "3", "comment", "1", "12", "comment", "4", "5", "3", "comment", "1", "1", "1", "2", "1", "3", "1", "comment", "comment", "2", "comment", "1", "comment", "comment"], "scorelikes": ["33", "33", "30", "26", "23", "25", "16", "16", "16", "16", "16", "16", "15", "15", "14", "14", "14", "13", "14", "13", "13", "15", "13", "12", "12"], "scoredislikes": ["31", "31", "28", "24", "21", "23", "14", "14", "14", "14", "14", "14", "13", "13", "12", "12", "12", "11", "12", "11", "11", "13", "11", "10", "10"], "dates": ["2019-08-22T12:37:49+00", "2019-09-03T12:45:15+00", "2020-03-10T22:22:16+00", "2019-08-22T13:24:22+00", "2019-11-01T12:29:19+00", "2019-08-22T19:25:34+00", "2020-03-22T01:02:01+00", "2020-05-21T01:02:25+00", "2020-03-24T01:02:06+00", "2020-03-15T07:22:26+00", "2019-09-30T20:18:46+00", "2020-03-13T01:02:09+00", "2020-02-23T01:03:25+00", "2020-01-23T07:06:23+00", "2019-12-10T18:11:42+00", "2019-08-29T22:54:23+00", "2019-08-27T07:41:34+00", "2020-05-25T01:02:21+00", "2020-03-20T01:02:06+00", "2019-10-05T16:03:01+00", "2019-08-22T12:20:46+00", "2019-08-22T12:18:47+00", "2019-08-29T07:00:01+00", "2020-05-17T01:01:52+00", "2020-05-16T01:01:59+00"], "thread": ["towardsdatascience.com", "data-flair.training", "self.datascienceproject", "github.com", "data-flair.training", "self.datascienceproject", "r/DataScience ", "r/DataScience ", "r/DataScience ", "self.datascienceproject", "github.com", "PandasVault previously removed from r/learnpython because of moderator difficulties but a great resource nonetheless. ", "python, R, julia, tensorflow, mlpack, shogun, openmined ", "self.datascienceproject", "github.com", "self.datascienceproject", "self.datascienceproject", "Q-Learning to play the Game 2048. ", "r/DataScience ", "self.datascienceproject", "PDF Style Using Dash Plotly ", "Week 1 - Week 13 ", "self.datascienceproject", "r/MachineLearning ", "r/MachineLearning "], "spoilers": [false, false, false, false, false, false, false, false, false, false, false, false, false, false, false, false, false, false, false, false, false, false, false, false, false], "promoted": [false, false, false, false, false, false, false, false, false, false, false, false, false, false, false, false, false, false, false, false, false, false, false, false, false], "crossposts": ["0", "0", "0", "0", "0", "0", "0", "0", "0", "0", "0", "0", "0", "0", "0", "0", "0", "0", "0", "0", "0", "0", "0", "0", "0"], "postype": ["Unknown", "Unknown", "selftext", "Unknown", "Unknown", "selftext", "Unknown", "Unknown", "video", "selftext", "Unknown", "Unknown", "Unknown", "selftext", "Unknown", "selftext", "selftext", "video", "Unknown", "selftext", "Unknown", "Unknown", "selftext", "Unknown", "Unknown"]}, {"domain_tag": ["Unknown", "Unknown", "Project", "Unknown", "Discussion", "Project", "Discussion", "Unknown", "Discussion", "Project", "Discussion", "Misleading", "Meme", "Discussion", "Unknown", "Unknown", "Unknown", "Unknown", "Unknown", "Unknown", "Unknown", "Unknown", "Unknown", "Unknown", "Discussion", "Unknown", "Unknown"], "title": ["Started learning today and tried classifying my face using my facial recognition AI... ", "Tune in June 23 at 13:00 BST / 14:00 CEST for a technical webinar covering the basic fundamentals of SLIs, SLOs and SLAs and how they can uphold a consistent end-user experience. ", "ProjectI am trying to make a game that learns how to play itself using reinforcement learning . Here is my first results . I am going to tweak the reward function and put more emphasis on smoothness . ", "No Gym During Quarantine = Counting Pushups With A Custom CNN ", "DiscussionA living legend. ", "ProjectSocial distances using deep learning anyone interested I am planning to write a blog on this ", "DiscussionI created opencv object tracker which can write in air ", "Identical Twins no longer fool Visual AI! - ", "Discussion50 Free Machine Learning and Data Science Ebooks by DataScienceCentral/ Link is given in the comment section ", "ProjectAfter a week of training trying various parameters I finally managed to get an AI to learn how to play a game with an Xbox controller . I documented my journey here : https://youtu.be/zJdZ-RQ0Fks . That was pretty fun . I will try to do more of this type of stuff in the future .\ud83d\ude01\ud83d\ude01\ud83d\ude01\ud83d\ude01 ", "DiscussionCan't get over how awsome this book is ", "MisleadingNeural Networks Cheat Sheet ", "MemeML Meme War- This is one of my favourite Machine Learning Memes, what\u00b4s yours? ", "DiscussionWhat do you use? ", "Immerse yourself with code ", "Reliable and Ethical proxies for Data gathering & Validation | Scraping | SEO | Testing | Marketing ", "Cornell's entire Machine Learning class ", "Machine learning debriefed ", "Reinforcement Learning for you ", "All Stanford AI courses ", "Springer is giving free access to 409 of its scientific books during the global lockdown ", "[off-topic] Winnie-the-Pooh Artificial Intelligence roadmap ", "The Goddam Truth... ", "Settled ", "DiscussionSiraj Raval admits to the plagiarism claims ", "Siraj Raval has a new paper: 'The Neural Qubit'. It's plagiarised ", "Image Classification with Pytorch "], "awards": [0, 0, 1, 0, 0, 0, 0, 0, 0, 1, 0, 1, 0, 0, 0, 0, 0, 1, 0, 1, 4, 0, 0, 0, 0, 0, 0], "author": ["deztructicus", "DatadogHQ", "Little_french_kev", "eng_steve", "PrudenceIndeed", "cudanexus", "Pawan315", "deztructicus", "TheInsaneApp", "Little_french_kev", "okb0om3r", "The-AI-Guy", "conradws", "rtthatbrownguy", "wstcpyt1988", "CreepyRaise", "GeneralReposti_Bot", "thatpunywolfie", "rbagdiya", "RickDeveloper", "alexgand", "ArgoloF", "conradws", "AlexandreFSR", "MashNChips", "grey--area", "wstcpyt1988"], "author_info": ["Unknown", "Unknown", "Unknown", "Unknown", "Unknown", "Unknown", "Unknown", "Unknown", "Unknown", "Unknown", "Unknown", "Unknown", "Unknown", "Unknown", "Unknown", "Unknown", "Unknown", "Unknown", "Unknown", "Unknown", "Unknown", "Unknown", "Unknown", "Unknown", "Unknown", "Unknown", "Unknown"], "comments": ["137", "0", "154", "76", "102", "114", "117", "95", "89", "49", "120", "75", "43", "61", "57", "4", "46", "48", "24", "54", "257", "54", "58", "44", "195", "131", "28"], "scorelikes": ["2922", "11", "2237", "1775", "1693", "1572", "1546", "1444", "1432", "1424", "1350", "1261", "1248", "1204", "1189", "27", "1149", "1120", "1113", "1101", "1089", "1062", "1060", "1043", "1006", "964", "954"], "scoredislikes": ["2920", "9", "2235", "1773", "1691", "1570", "1544", "1442", "1430", "1422", "1348", "1259", "1246", "1202", "1187", "25", "1147", "1118", "1111", "1099", "1087", "1060", "1058", "1041", "1004", "962", "952"], "dates": ["2019-11-28T19:15:52+00", "Unknown", "2020-04-11T10:57:43+00", "2020-03-31T22:24:25+00", "2020-04-19T17:41:54+00", "2020-04-25T04:14:09+00", "2020-05-14T11:39:37+00", "2019-12-15T16:11:18+00", "2020-06-09T10:00:21+00", "2020-04-18T15:34:22+00", "2019-11-08T05:06:39+00", "2020-01-22T02:30:50+00", "2019-08-14T15:26:28+00", "2020-06-03T03:45:27+00", "2020-05-18T01:35:30+00", "Unknown", "2019-10-20T14:04:45+00", "2020-01-14T19:16:02+00", "2020-05-21T12:21:11+00", "2020-02-14T21:37:31+00", "2020-04-05T23:00:54+00", "2019-10-11T01:32:58+00", "2019-11-23T04:19:27+00", "2020-04-28T22:25:38+00", "2019-10-13T18:48:20+00", "2019-10-13T00:16:49+00", "2020-05-24T08:51:41+00"], "thread": ["i.redd.it", "datadoghq.com", "v.redd.it", "v.redd.it", "i.redd.it", "v.redd.it", "v.redd.it", "BTW: I'm the black dude from 2 weeks ago whose AI kept classifying as Obama lol \ud83d\ude05. I gotta say, I'm pretty happy with this progress! ^__^ ", "i.redd.it", "v.redd.it", "i.redd.it", "i.redd.it", "i.redd.it", "i.redd.it", "v.redd.it", "infatica.io", "CS 4780 is now entirely on You Tube. Taught by one of the funniest and best professors from UCornell ", "i.redd.it", "i.redd.it", "100% free! ", "self.learnmachinelearning", "i.redd.it", "i.imgur.com", "v.redd.it", "i.redd.it", "self.learnmachinelearning", "v.redd.it"], "spoilers": [false, false, false, false, false, false, false, false, false, false, false, false, false, false, false, false, false, false, false, false, false, false, false, false, false, false, false], "promoted": [false, true, false, false, false, false, false, false, false, false, false, false, false, false, false, true, false, false, false, false, false, false, false, false, false, false, false], "crossposts": ["2", "0", "1", "1", "1", "0", "4", "0", "1", "2", "1", "2", "1", "0", "1", "0", "1", "3", "0", "2", "11", "0", "0", "4", "0", "1", "3"], "postype": ["video", "video", "video", "video", "video", "video", "video", "video", "video", "video", "video", "video", "video", "video", "video", "video", "Unknown", "video", "video", "Unknown", "selftext", "video", "video", "crosspost", "video", "selftext", "video"]}, {"domain_tag": ["Unknown", "Unknown", "Unknown", "Unknown", "Unknown", "Unknown", "Unknown", "Unknown", "Unknown", "Meta", "Unknown", "Unknown", "Unknown", "Discussion", "Unknown", "Unknown", "Unknown", "Unknown", "Unknown", "Unknown", "Discussion", "Unknown", "Unknown", "Discussion", "Unknown", "Unknown", "Unknown"], "title": ["Data ", "Clients from over 200 countries and territories can access over 25,000 funds from over 280 fund families in the IBKR Mutual Fund Marketplace. Expand your investment choices at lower cost. ", "Salesforce is buying data visualization company Tableau for $15.7B in all-stock deal ", "Join the Battle for Net Neutrality! Net neutrality will die in a month and will affect how us marketers do business online, unless we fight for it! ", "A Google Sheets guide & template for forecasting sales ", "My life every day as a Web Analyst ", "What Slack didn\u2019t disclose in its IPO filing ", "Data science is challenging my value as a business analyst. How do I prevent becoming a dinosaur? ", "How to do pivot tables, pivot charts, slicers and quick data analysis in Excel - full of great tips for use in data analysis tasks! ", "MetaMeta: This sub has a whole lot of problems. Are others satisfied with it? ", "When you working on the titanic Dataset on Kaggle ", "Looking to get my flowchart on attribution models proofed, any feedback is appreciated. ", "Founder of KISSMetrics reflects on how the analytics startup failed because of distraction from random ideas, drive-by management, lack of prioritization, more ", "DiscussionAnyone feeling overwhelmed with the number of courses and certifications out there for various tools and products? ", "150+ Business Related Data Science Projects ", "Get Reddit Premium for the finest Reddit experience, including ads-free browsing and 700 Coins every month ", "Google Launched Course for Advanced Google Analytics ", "The Interview Study Guide For Data Engineers ", "Learning Data Science: Our Favorite Data Science Resources From Free To Not ", "Using Python/R at my company, I feel like a unicorn... ", "DiscussionOff My Chest. After almost 9+ interviews I cannot even get a simple Data Analyst job for almost 7 months now. Any advice? ", "A library of 20+ Google Tag Manager Recipes ", "Today I discovered Google Data Studio, and i'm in heaven. ", "DiscussionBeginner Data Analyst here. What are some good project ideas to pursue on my own to solidify my profile and get the attention of recruiters? ", "Top 100 Artificial Intelligence Startups for 2019! ", "Quick Guide for Effective Data Visualisations ", "I've always thought instructions for Campaign URLs were confusing so I made a simple chart to help visualize how Campaign URLs should be structured to work together "], "awards": [0, 0, 0, 0, 0, 0, 2, 1, 0, 0, 0, 0, 0, 0, 0, 0, 0, 0, 0, 0, 0, 0, 0, 1, 0, 0, 0], "author": ["DrinkMoreCodeMore", "IBKR_Official", "moefarahat", "JonODonovan", "the_mmw", "Nateorade", "unab0mber", "InQuesomergency", "Modmanflex", "threebudgeteers", "SenSyllable", "chairmanlmao", "triiimit", "hebhebhebhebheb", "OppositeMidnight", "reddit_coins", "labailabai", "nonkeymn", "nonkeymn", "Omar_88", "keyboard1ish", "labailabai", "swiftversion3", "SuryadayN", "GeneralFR13", "Ninty96zie", "Groggie"], "author_info": ["Unknown", "Unknown", "Unknown", "Unknown", "Unknown", "Unknown", "Unknown", "Unknown", "Unknown", "Unknown", "Unknown", "Unknown", "Unknown", "Unknown", "Unknown", "Unknown", "Unknown", "Unknown", "Unknown", "Unknown", "Unknown", "Unknown", "Unknown", "Unknown", "Unknown", "Unknown", "Unknown"], "comments": ["7", "0", "21", "comment", "17", "11", "18", "15", "1", "54", "1", "16", "7", "25", "2", "0", "comment", "3", "11", "52", "31", "8", "13", "25", "7", "3", "9"], "scorelikes": ["255", "3", "133", "131", "114", "105", "103", "98", "91", "81", "74", "71", "67", "67", "62", "\u2022", "63", "60", "56", "59", "52", "56", "52", "51", "51", "53", "53"], "scoredislikes": ["253", "1", "131", "129", "112", "103", "101", "96", "89", "79", "72", "69", "65", "65", "60", "\u2022", "61", "58", "54", "57", "50", "54", "50", "49", "49", "51", "51"], "dates": ["2019-05-22T17:07:47+00", "Unknown", "2019-06-10T12:30:37+00", "2017-11-21T14:58:51+00", "2019-01-05T15:56:15+00", "2017-02-10T22:51:33+00", "2019-06-12T15:17:03+00", "2019-04-25T19:42:18+00", "2018-06-17T15:19:57+00", "2019-08-22T00:35:45+00", "2019-05-18T13:12:08+00", "2019-05-12T09:45:04+00", "2019-04-24T15:19:19+00", "2020-06-01T09:14:14+00", "2019-07-25T13:35:25+00", "Unknown", "2017-03-16T17:56:26+00", "2019-05-06T14:54:25+00", "2019-04-02T19:34:10+00", "2018-12-25T16:24:28+00", "2020-05-06T11:24:47+00", "2017-03-07T21:09:49+00", "2017-06-01T23:21:17+00", "2020-06-03T05:44:38+00", "2019-02-25T19:57:47+00", "2018-08-19T21:47:09+00", "2016-07-30T03:24:20+00"], "thread": ["i.imgur.com", "IBKR.com", "techcrunch.com", "battleforthenet.com", "self.analytics", "i.imgur.com", "self.analytics", "self.analytics", "youtu.be", "self.analytics", "i.redd.it", "mk0exponealcw6ltqqx5.kinstacdn.com", "producthabits.com", "self.analytics", "towardsdatascience.com", "reddit.com/premium", "analytics.google.com", "coriers.com", "coriers.com", "self.analytics", "self.analytics", "a.k.a. Container Templates. Most of them are related to Google Analytics. ", "self.analytics", "self.analytics", "i.redd.it", "i.imgur.com", "and to help make them less scary looking. "], "spoilers": [false, false, false, false, false, false, false, false, false, false, false, false, false, false, false, false, false, false, false, false, false, false, false, false, false, false, false], "promoted": [false, true, false, false, false, false, false, false, false, false, false, false, false, false, false, true, false, false, false, false, false, false, false, false, false, false, false], "crossposts": ["0", "0", "1", "4", "5", "0", "0", "0", "1", "0", "3", "0", "1", "1", "0", "16", "0", "1", "0", "0", "1", "0", "0", "0", "0", "0", "0"], "postype": ["video", "video", "Unknown", "crosspost", "selftext", "video", "selftext", "selftext", "video", "selftext", "crosspost", "video", "Unknown", "selftext", "Unknown", "video", "Unknown", "Unknown", "Unknown", "selftext", "selftext", "Unknown", "selftext", "selftext", "video", "video", "video"]}, {"domain_tag": ["Unknown", "Unknown", "Unknown", "my project", "Unknown", "Unknown", "Unknown", "Unknown", "Unknown", "Unknown", "Unknown", "Project", "Unknown", "Unknown", "news", "Unknown", "Unknown", "fake", "Unknown", "Unknown", "news", "Unknown", "Unknown", "Unknown", "Unknown", "Unknown", "Unknown"], "title": ["First attempt at removing cars off the roads with neural nets. Will have to dream harder. - Chris Harris ", "A guide to develop, test, and deploy ML models at scale. ", "Elon isn't a fan ", "A twitter AI bot trained to find Face Warping will check any celebrities photos for you within minutes.my project ", "Every artificial intelligence video on YouTube ", "This is how we'll know if we've reached ASI ", "Google Assistant apparently doesn't like being called other AI's names ", "It kills me that this sub isn't /r/tificial ", "The future will be everything but boring. ", "All Machine Learning/AI folks will agree with this ", "The Massachusetts Institute of Technology has a class called \u2019The missing semester of your computer science education\u2019 It is a collection of things that most developers and data scientists typically teach themselves on the job. ", "COOL!!! Mona Lisa Deepfake using GANProject ", "AI is going places ", "Difference between ML and AI! ", "\ud83d\ude31 AI Senses People Through Walls - by MITnews ", "Reach your audience on Reddit ", "Alan Turing will be on \u00a350 note ", "Deep Learningfake ", "The duck-rabbit illusion works on Google Cloud Vision. The system interprets it one way or the other, depending on the orientation of the image. ", "Any attempt to discuss what is real AI and what is just code ", "This AI Algorithm Change Humans into Animorphsnews ", "Bernie Sanders: \"I'm running for president because we need to understand that artificial intelligence and robotics must benefit the needs of workers, not just corporate America and those who own that technology.\" ", "Stephen Wolfram shows off Mathematica, and Mathematica's AI function identifies him as a plunger ", "How long? ", "The struggle is real ", "Singularity probably not too far away ", "The Brain Is The Most Important Organ You Have "], "awards": [0, 0, 0, 0, 0, 0, 0, 0, 0, 0, 0, 0, 0, 0, 0, 0, 0, 0, 0, 0, 1, 0, 1, 0, 0, 0, 0], "author": ["Icy_Thought", "SnowflakeInc", "thejevans", "sameeboy", "MisfitPotatoReborn", "Unknown", "BookCode", "789yugemos", "COVAHN", "Kedjja", "ai-lover", "MarkLife2020", "acagastya", "babloopachisya", "TheInsaneApp", "redditads", "cAtloVeR9998", "cmillionaire9", "Thorusss", "atomlib_com", "TheInsaneApp", "accountaccumulator", "lakesare", "ribblle", "Yuli-Ban", "mrgs1001", "danlovy"], "author_info": ["Unknown", "Unknown", "Unknown", "Unknown", "Unknown", "Unknown", "Unknown", "Unknown", "Unknown", "Unknown", "Unknown", "Unknown", "Unknown", "Unknown", "Unknown", "Unknown", "Unknown", "Unknown", "Unknown", "Unknown", "Unknown", "Unknown", "Unknown", "Unknown", "Unknown", "Unknown", "Unknown"], "comments": ["52", "0", "46", "28", "34", "14", "24", "18", "18", "14", "11", "26", "14", "23", "26", "0", "16", "8", "13", "33", "41", "120", "27", "54", "14", "35", "14"], "scorelikes": ["625", "\u2022", "591", "540", "532", "518", "495", "494", "487", "477", "458", "457", "443", "433", "430", "109", "426", "424", "410", "405", "384", "382", "370", "367", "364", "347", "335"], "scoredislikes": ["623", "\u2022", "589", "538", "530", "516", "493", "492", "485", "475", "456", "455", "441", "431", "428", "107", "424", "422", "408", "403", "382", "380", "368", "365", "362", "345", "333"], "dates": ["2019-05-11T01:51:04+00", "Unknown", "2017-11-10T21:08:31+00", "2020-05-05T17:17:27+00", "2018-04-04T09:30:02+00", "2018-01-21T23:51:13+00", "2018-07-02T06:44:44+00", "2018-12-22T13:31:39+00", "2019-09-17T20:22:55+00", "2018-11-23T04:52:54+00", "2020-03-13T06:46:27+00", "2020-05-14T16:48:12+00", "2019-03-20T10:58:34+00", "2018-11-24T05:55:24+00", "2020-04-10T02:57:37+00", "Unknown", "2019-07-15T13:50:31+00", "2020-04-03T22:55:40+00", "2019-10-25T12:40:36+00", "2018-03-30T12:15:08+00", "2020-05-02T07:40:29+00", "2019-02-25T10:31:50+00", "2020-04-27T13:26:52+00", "2019-09-18T12:02:44+00", "2018-05-22T22:23:20+00", "2019-11-12T18:21:41+00", "2018-03-11T13:02:03+00"], "thread": ["@otduet ", "snowflake.com/machine-learning-within-reach", "i.imgur.com", "i.redd.it", "i.redd.it", "i.redd.it", "i.redd.it", "self.artificial", "i.redd.it", "i.redd.it", "self.artificial", "i.redd.it", "i.redd.it", "i.redd.it", "v.redd.it", "Redditinc.com", "imgur.com", "i.redd.it", "gfycat.com", "i.imgur.com", "v.redd.it", "twitter.com", "i.redd.it", "i.imgur.com", "i.imgur.com", "i.redd.it", "i.redd.it"], "spoilers": [false, false, false, false, false, false, false, false, false, false, false, false, false, false, false, false, false, false, false, false, false, false, false, false, false, false, false], "promoted": [false, true, false, false, false, false, false, false, false, false, false, false, false, false, false, true, false, false, false, false, false, false, false, false, false, false, false], "crossposts": ["2", "0", "0", "0", "0", "0", "0", "0", "0", "4", "0", "2", "0", "0", "0", "0", "0", "0", "4", "0", "4", "0", "0", "3", "0", "1", "0"], "postype": ["video", "video", "video", "video", "video", "video", "video", "selftext", "video", "video", "selftext", "video", "video", "video", "video", "video", "video", "video", "crosspost", "video", "video", "Unknown", "video", "video", "video", "video", "video"]}, {"domain_tag": ["Unknown", "Unknown", "Unknown", "Unknown", "Unknown", "Unknown", "Unknown", "Unknown", "Unknown", "Unknown", "Unknown", "Unknown", "Unknown", "Unknown", "Unknown", "Unknown", "Unknown", "Unknown", "Unknown", "Unknown", "Unknown", "Unknown", "Unknown", "Unknown", "Unknown", "Unknown"], "title": ["Saw this and had to share :) ", "Reddit Gifts Zero Credit Recipes exchange! Sign up by July 3rd! ", "Data Engineering project for beginners ", "Trying to architect a new dataset be like... ", "Couldn't find a good comprehensive article on setting up Airflow 6 months ago. I wrote one here: a setup using docker-compose, and included instructions on setting up PyCharm too! Hope you could get something out of it! ", "Data Engineering course: trying to gauge interest ", "Want to learn Data Engineering? Here are some Example Projects to get your hands dirty. ", "Metaflow, Netflix's Python framework for data science, is now open source ", "Udacity Data Engineering Nanodegree Course Review ", "An Awesome List of Open-Source Data Engineering Projects ", "Airflow: how and when to use it ", "DataCamp is completely free through 5/22, no credit card is required! There are 330+ courses on Python, SQL, Scala, and all the technologies you need mastery of as a data engineer. No risk, all reward! ", "Why GitLab is building Meltano, an open source platform for ELT pipelines ", "The data engineering cookbook ", "Great deal on Data Engineering books at Humble Bundle. ", "Python Data Engineering Tools: The Next Generation ", "What should be the roadmap in 2020 to learn data engineering and make a career switch by 2021? ", "Professional Data Engineer, still lacking DE skills ", "[META] We're Building a Wiki. Now what? ", "Prefect Now Fully Open Source ", "Most in demand data analyst tech skills ", "We should really have an interview questions/experiences thread ", "Do data engineering interviews for faang companies ", "Best DE Books ", "Getting started with Spark and batch processing frameworks ", "What to concentrate on first to become employable as a data engineer? "], "awards": [0, 0, 0, 0, 0, 0, 0, 0, 0, 0, 0, 0, 0, 0, 0, 1, 0, 0, 1, 1, 0, 0, 0, 0, 0, 0], "author": ["SeanLikesData", "reddit_exchanges", "joseph_machado", "Not-NedFlanders", "teddyhar", "joseph_machado", "sanchit089", "thundergolfer", "WannaBeGISGuru", "gunnarmorling", "schoolgurllou", "Elvish__Presley", "MeltanoDouwe", "haloworlds", "dubven", "will_flwrs", "aakhri_paasta", "floydhead11", "vogt4nick", "shittyfuckdick", "discdiver", "spectre_S", "jaspar1", "randm95", "hszafarek", "dondraper36"], "author_info": ["Unknown", "Unknown", "Unknown", "Unknown", "Unknown", "Unknown", "Unknown", "Unknown", "Unknown", "Unknown", "Unknown", "Unknown", "Unknown", "Unknown", "Unknown", "Unknown", "Unknown", "Unknown", "Unknown", "Unknown", "Unknown", "Unknown", "Unknown", "Unknown", "Unknown", "Unknown"], "comments": ["20", "0", "34", "6", "8", "94", "5", "3", "31", "6", "23", "14", "27", "8", "10", "8", "23", "51", "15", "13", "9", "3", "22", "15", "7", "38"], "scorelikes": ["253", "\u2022", "132", "125", "121", "112", "97", "89", "80", "79", "72", "73", "67", "69", "65", "65", "63", "58", "56", "53", "53", "57", "54", "55", "50", "50"], "scoredislikes": ["251", "\u2022", "130", "123", "119", "110", "95", "87", "78", "77", "70", "71", "65", "67", "63", "63", "61", "56", "54", "51", "51", "55", "52", "53", "48", "48"], "dates": ["2020-05-01T03:24:18+00", "Unknown", "2020-05-25T02:05:55+00", "2020-01-27T21:05:20+00", "2020-05-24T03:14:23+00", "2020-03-04T02:52:35+00", "2020-02-26T01:19:45+00", "2019-12-04T07:53:35+00", "2019-05-23T12:23:04+00", "2020-02-13T14:44:57+00", "2020-05-18T14:46:13+00", "2020-05-19T18:43:58+00", "2020-05-13T20:29:17+00", "2019-06-16T08:49:40+00", "2020-05-11T05:55:24+00", "2020-04-19T13:27:56+00", "2020-01-31T05:17:49+00", "2020-05-12T15:41:22+00", "2020-04-22T21:00:39+00", "2020-03-30T21:22:23+00", "2020-01-14T14:28:22+00", "2019-11-20T14:20:49+00", "2020-05-27T15:17:04+00", "2020-02-17T13:16:18+00", "2020-05-26T17:45:56+00", "2020-06-03T20:09:33+00"], "thread": ["i.redd.it", "RedditGifts.com", "self.dataengineering", "i.redd.it", "medium.com", "self.dataengineering", "github.com", "metaflow.org", "self.dataengineering", "github.com", "medium.com", "datacamp.com", "meltano.com", "self.dataengineering", "self.dataengineering", "medium.com", "self.dataengineering", "self.dataengineering", "self.dataengineering", "medium.com", "self.dataengineering", "self.dataengineering", "or faang tier ask leetcode/algo questions? ", "self.dataengineering", "blog.insightdatascience.com", "pragmatic approach "], "spoilers": [false, false, false, false, false, false, false, false, false, false, false, false, false, false, false, false, false, false, false, false, false, false, false, false, false, false], "promoted": [false, true, false, false, false, false, false, false, false, false, false, false, false, false, false, false, false, false, false, false, false, false, false, false, false, false], "crossposts": ["0", "0", "0", "0", "1", "0", "0", "0", "1", "0", "0", "0", "0", "0", "0", "0", "0", "0", "0", "0", "0", "0", "1", "0", "0", "0"], "postype": ["video", "video", "selftext", "video", "Unknown", "selftext", "Unknown", "Unknown", "selftext", "Unknown", "Unknown", "Unknown", "Unknown", "selftext", "selftext", "Unknown", "selftext", "selftext", "selftext", "Unknown", "selftext", "selftext", "selftext", "selftext", "Unknown", "selftext"]}]